<ecm:StringResponse MessageId="00000000-0000-0000-0000-000000000000" ServiceName="" MessageName=""
    EventCode="-500" InRetry="false" Type="Undefined" xmlns:ecm="http://connect.e-mis.co.uk/model/">
    <ecm:ConversationId>00000000-0000-0000-0000-000000000000</ecm:ConversationId>
    <ecm:InteractionId>00000000-0000-0000-0000-000000000000</ecm:InteractionId>
    <ecm:StartTime>2024-04-04T13:17:24.7077894Z</ecm:StartTime>
    <ecm:Additional />
    <ecm:RelatesTo>00000000-0000-0000-0000-000000000000</ecm:RelatesTo>
    <ecm:RecipientOrganisationGuid>00000000-0000-0000-0000-000000000000</ecm:RecipientOrganisationGuid>
    <ecm:SenderOrganisationGuid>00000000-0000-0000-0000-000000000000</ecm:SenderOrganisationGuid>
    <ecm:InternalErrorData>Emis.Connect.Model.Common.EmisConnectException: Unable to connect to the
        remote server at Emis.Connect.Plugin.Pdes.ProcessSimple.Invoke(Context context, Plugin
        plugin) at Emis.Connect.Core.Service.Messaging.PluginExtensions.Invoke(Context context) at
        Emis.Connect.Core.Service.Messaging.ContextExtensions.InvokePlugins() at
        Emis.Connect.Core.Service.Messaging.ContextExtensions.Process(Context context)</ecm:InternalErrorData>
    <ecm:Payload>EMISCONNECT-ERROR</ecm:Payload>
</ecm:StringResponse>