<ecm:StringResponse MessageId="00000000-0000-0000-0000-000000000000" ServiceName="" MessageName=""
    EventCode="0" InRetry="false" Type="Undefined" xmlns:ecm="http://connect.e-mis.co.uk/model/">
    <ecm:ConversationId>00000000-0000-0000-0000-000000000000</ecm:ConversationId>
    <ecm:InteractionId>00000000-0000-0000-0000-000000000000</ecm:InteractionId>
    <ecm:StartTime>2024-07-16T10:05:37.3496612Z</ecm:StartTime>
    <ecm:Additional />
    <ecm:RelatesTo>00000000-0000-0000-0000-000000000000</ecm:RelatesTo>
    <ecm:RecipientOrganisationGuid>00000000-0000-0000-0000-000000000000</ecm:RecipientOrganisationGuid>
    <ecm:SenderOrganisationGuid>00000000-0000-0000-0000-000000000000</ecm:SenderOrganisationGuid>
</ecm:StringResponse>

